firstname,lastname,age
Emily,Campbell,24
Aiden,Turner,29
Grace,Hernandez,31
Lucas,Nguyen,27
Lily,Perez,26
Alexander,Scott,30
Ava,Rossi,25
Logan,Morris,28
Mia,Gomez,23
James,Reyes,32
Sophie,Lee,29
Aria,Kim,26
Benjamin,Bell,30
Isabella,Stewart,25
Elijah,Phillips,33
Charlotte,Evans,28
William,Gonzalez,31
Harper,King,24
Jackson,Carter,27
Madison,Wright,26
Gabriel,Cooper,29
Evelyn,Morgan,22
Jayden,Hall,31
Zoe,Hughes,28
Henry,Flores,33
Avery,Turner,26
Levi,Scott,30
Ellie,Sanchez,25
Andrew,Price,29
Nora,Nguyen,27
Mateo,Gonzalez,31
Scarlett,Rossi,24
Leo,Ward,28
Hannah,Kim,26
Julian,Rivera,32
Nova,Hernandez,23
Caleb,Cooper,29
Stella,Evans,25
Lincoln,Martin,30
Maya,Bennett,27
Ryan,Gomez,31
Addison,Hall,24
Elena,Morris,28
Xavier,Perez,26
Paisley,Reyes,29
Mason,Wright,26
Alice,Phillips,33
Aiden,King,27
Alice,Johnson,25
Sophia,Williams,28
David,Brown,40
Emma,Jones,22
Olivia,Davis,31
Matthew,Garcia,27
Chloe,Rodriguez,26
Ethan,Martinez,33
Natalie,Anderson,24
Carter,Thompson,29
Liam,White,25
Aurora,Hill,30
Sebastian,Lopez,28
Ella,Clark,26
Jayce,Turner,31
Ruby,Adams,23
Connor,Wilson,29
Violet,Foster,24
Owen,Hughes,29
Luna,Parker,31
Grayson,Reed,27
Penelope,Brooks,26
Nathan,Ward,30
Hazel,Campbell,25
Zachary,Morris,28
Sofia,Martin,23
Ezra,Clark,32
Gavin,Smith,33
Willow,Gonzalez,28
Vivian,Hill,24
Isaac,Jones,27
Madeline,Lee,26
Miles,Thompson,30
Liam,Gomez,34
Elena,Rossi,22
Lucy,Perez,26
Eliana,Foster,27
Daniel,Perez,29
Adrian,Turner,32
Ella,Gonzalez,30
Caleb,Bennett,29
Maya,Reyes,23
Elijah,Morgan,27
Nora,Adams,22
Ruby,Wright,26
